Key,Name,Wind,StartDate,EndDate
AL011998,Alex,NA,1998-07-27T15:00:00Z,1998-08-02T21:00:00Z
AL011999,Arlene,50,1999-06-11T21:00:00Z,1999-06-18T03:00:00Z
AL012000,One,25,2000-06-07T21:00:00Z,2000-06-08T21:00:00Z
AL012001,Allison,50,2001-06-05T19:00:00Z,2001-06-06T09:00:00Z
AL012002,Arthur,50,2002-07-14T21:00:00Z,2002-07-16T21:00:00Z
AL012003,Ana,45,2003-04-21T03:00:00Z,2003-04-24T03:00:00Z
AL012004,Alex,105,2004-07-31T21:00:00Z,2004-08-06T15:00:00Z
AL012005,Arlene,60,2005-06-08T21:00:00Z,2005-06-12T03:00:00Z
AL012006,Alberto,60,2006-06-10T13:00:00Z,2006-06-14T15:00:00Z
AL012007,Andrea,40,2007-05-09T15:00:00Z,2007-05-11T03:00:00Z
AL012008,Arthur,35,2008-05-31T17:00:00Z,2008-06-02T03:00:00Z
AL012009,One,30,2009-05-28T15:00:00Z,2009-05-29T21:00:00Z
AL012010,Alex,85,2010-06-25T22:00:00Z,2010-07-02T03:00:00Z
AL012011,Arlene,55,2011-06-29T00:00:00Z,2011-07-01T03:00:00Z
AL012012,Alberto,45,2012-05-19T21:00:00Z,2012-05-22T15:00:00Z
AL012013,Andrea,55,2013-06-05T22:00:00Z,2013-06-08T15:00:00Z
AL012014,Arthur,85,2014-07-01T03:00:00Z,2014-07-05T15:00:00Z
AL012015,Ana,50,2015-05-08T03:00:00Z,2015-05-10T21:00:00Z
AL012016,Alex,75,2016-01-13T21:00:00Z,2016-01-15T21:00:00Z
AL012017,Arlene,45,2017-04-19T15:00:00Z,2017-04-21T15:00:00Z
AL021998,Bonnie,100,1998-08-19T21:00:00Z,1998-08-30T15:00:00Z
AL021999,Two,30,1999-07-03T03:00:00Z,1999-07-03T09:00:00Z
AL022000,Two,30,2000-06-24T15:00:00Z,2000-06-25T21:00:00Z
AL022001,Two,25,2001-07-12T03:00:00Z,2001-07-12T21:00:00Z
AL022002,Bertha,35,2002-08-04T21:00:00Z,2002-08-09T15:00:00Z
AL022003,Two,30,2003-06-11T03:00:00Z,2003-06-12T03:00:00Z
AL022004,Bonnie,55,2004-08-03T15:00:00Z,2004-08-12T21:00:00Z
AL022005,Bret,35,2005-06-28T22:00:00Z,2005-06-30T03:00:00Z
AL022006,Beryl,50,2006-07-18T15:00:00Z,2006-07-21T15:00:00Z
AL022007,Barry,45,2007-06-01T21:00:00Z,2007-06-02T21:00:00Z
AL022008,Bertha,105,2008-07-03T09:00:00Z,2008-07-20T15:00:00Z
AL022009,Ana,35,2009-08-11T10:00:00Z,2009-08-17T21:00:00Z
AL022010,Two,30,2010-07-08T03:00:00Z,2010-07-08T21:00:00Z
AL022011,Bret,55,2011-07-17T21:00:00Z,2011-07-22T15:00:00Z
AL022012,Beryl,60,2012-05-26T03:00:00Z,2012-05-30T21:00:00Z
AL022013,Barry,40,2013-06-17T15:00:00Z,2013-06-21T03:00:00Z
AL022014,Two,30,2014-07-21T21:00:00Z,2014-07-23T15:00:00Z
AL022015,Bill,50,2015-06-16T03:00:00Z,2015-06-17T09:00:00Z
AL022016,Bonnie,40,2016-05-27T21:00:00Z,2016-06-05T03:00:00Z
AL022017,Bret,40,2017-06-18T21:00:00Z,2017-06-20T21:00:00Z
AL031998,Charley,50,1998-08-21T15:00:00Z,1998-08-22T15:00:00Z
AL031999,Bret,120,1999-08-18T21:00:00Z,1999-08-23T21:00:00Z
AL032000,Alberto,110,2000-08-04T09:00:00Z,2000-08-23T15:00:00Z
AL032001,Barry,60,2001-08-02T19:00:00Z,2001-08-06T15:00:00Z
AL032002,Cristobal,40,2002-08-05T21:00:00Z,2002-08-08T21:00:00Z
AL032003,Bill,50,2003-06-29T15:00:00Z,2003-07-01T15:00:00Z
AL032004,Charley,125,2004-08-09T17:45:00Z,2004-08-15T15:00:00Z
AL032005,Cindy,60,2005-07-03T21:00:00Z,2005-07-06T15:00:00Z
AL032006,Chris,55,2006-08-01T03:00:00Z,2006-08-05T09:00:00Z
AL032007,Chantal,45,2007-07-31T03:00:00Z,2007-08-01T03:00:00Z
AL032008,Cristobal,55,2008-07-19T03:00:00Z,2008-07-23T09:00:00Z
AL032009,Bill,115,2009-08-15T15:00:00Z,2009-08-24T09:00:00Z
AL032010,Bonnie,35,2010-07-22T15:00:00Z,2010-07-24T21:00:00Z
AL032011,Cindy,50,2011-07-20T21:00:00Z,2011-07-23T03:00:00Z
AL032012,Chris,65,2012-06-19T21:00:00Z,2012-06-22T15:00:00Z
AL032013,Chantal,55,2013-07-08T03:00:00Z,2013-07-10T21:00:00Z
AL032014,Bertha,70,2014-08-01T03:00:00Z,2014-08-06T15:00:00Z
AL032015,Claudette,45,2015-07-13T17:00:00Z,2015-07-15T03:00:00Z
AL032016,Colin,50,2016-06-05T15:00:00Z,2016-06-07T21:00:00Z
AL032017,Cindy,50,2017-06-19T21:00:00Z,2017-06-22T15:00:00Z
AL041998,Danielle,90,1998-08-24T15:30:00Z,1998-09-03T21:00:00Z
AL041999,Cindy,120,1999-08-19T03:00:00Z,1999-08-31T15:00:00Z
AL042000,Four,30,2000-08-09T15:00:00Z,2000-08-11T03:00:00Z
AL042001,Chantal,60,2001-08-15T15:00:00Z,2001-08-22T15:00:00Z
AL042002,Dolly,55,2002-08-29T15:00:00Z,2002-09-04T15:00:00Z
AL042003,Claudette,70,2003-07-08T21:00:00Z,2003-07-16T03:00:00Z
AL042004,Danielle,90,2004-08-13T15:00:00Z,2004-08-21T15:00:00Z
AL042005,Dennis,130,2005-07-05T03:00:00Z,2005-07-11T09:00:00Z
AL042006,Debby,45,2006-08-21T21:00:00Z,2006-08-27T21:00:00Z
AL042007,Dean,145,2007-08-13T15:00:00Z,2007-08-23T03:00:00Z
AL042008,Dolly,85,2008-07-20T15:45:00Z,2008-07-24T21:00:00Z
AL042009,Claudette,45,2009-08-16T09:00:00Z,2009-08-17T09:00:00Z
AL042010,Colin,50,2010-08-02T15:00:00Z,2010-08-08T21:00:00Z
AL042011,Don,45,2011-07-27T21:00:00Z,2011-07-30T09:00:00Z
AL042012,Debby,50,2012-06-23T21:00:00Z,2012-06-27T21:00:00Z
AL042013,Dorian,50,2013-07-24T09:00:00Z,2013-08-03T21:00:00Z
AL042014,Cristobal,75,2014-08-23T21:00:00Z,2014-08-29T15:00:00Z
AL042015,Danny,100,2015-08-18T15:00:00Z,2015-08-24T15:00:00Z
AL042016,Danielle,40,2016-06-19T21:00:00Z,2016-06-21T09:00:00Z
AL051998,Earl,85,1998-08-31T21:00:00Z,1998-09-03T15:00:00Z
AL051999,Dennis,90,1999-08-24T03:00:00Z,1999-09-05T15:00:00Z
AL052000,Beryl,45,2000-08-13T21:00:00Z,2000-08-15T21:00:00Z
AL052001,Dean,60,2001-08-22T18:00:00Z,2001-08-28T15:00:00Z
AL052002,Edouard,55,2002-09-01T21:00:00Z,2002-09-06T15:00:00Z
AL052003,Danny,65,2003-07-16T15:00:00Z,2003-07-20T21:00:00Z
AL052004,Earl,NA,2004-08-13T21:00:00Z,2004-08-16T15:00:00Z
AL052005,Emily,135,2005-07-11T03:00:00Z,2005-07-21T15:00:00Z
AL052006,Ernesto,65,2006-08-24T21:00:00Z,2006-09-01T15:00:00Z
AL052007,Erin,35,2007-08-15T03:00:00Z,2007-08-16T15:00:00Z
AL052008,Edouard,55,2008-08-03T21:00:00Z,2008-08-05T21:00:00Z
AL052009,Danny,50,2009-08-26T15:00:00Z,2009-08-29T09:00:00Z
AL052010,Five,30,2010-08-10T23:30:00Z,2010-08-11T21:00:00Z
AL052011,Emily,45,2011-08-01T23:30:00Z,2011-08-07T21:00:00Z
AL052012,Ernesto,75,2012-08-01T21:00:00Z,2012-08-10T15:00:00Z
AL052013,Erin,35,2013-08-15T03:00:00Z,2013-08-18T21:00:00Z
AL052014,Dolly,45,2014-09-01T21:00:00Z,2014-09-03T15:00:00Z
AL052015,Erika,45,2015-08-25T03:00:00Z,2015-08-29T13:30:00Z
AL052016,Earl,65,2016-08-02T16:00:00Z,2016-08-06T15:00:00Z
AL061998,Frances,55,1998-09-08T21:00:00Z,1998-09-12T03:00:00Z
AL061999,Emily,55,1999-08-24T21:00:00Z,1999-08-28T15:00:00Z
AL062000,Chris,35,2000-08-17T21:00:00Z,2000-08-19T15:00:00Z
AL062001,Erin,105,2001-09-01T21:00:00Z,2001-09-15T03:00:00Z
AL062002,Fay,50,2002-09-05T21:00:00Z,2002-09-07T15:00:00Z
AL062003,Six,30,2003-07-19T21:00:00Z,2003-07-21T21:00:00Z
AL062004,Frances,125,2004-08-25T03:00:00Z,2004-09-07T03:00:00Z
AL062005,Franklin,60,2005-07-21T21:00:00Z,2005-07-29T21:00:00Z
AL062006,Florence,80,2006-09-03T21:00:00Z,2006-09-12T21:00:00Z
AL062007,Felix,145,2007-08-31T21:00:00Z,2007-09-05T09:00:00Z
AL062008,Fay,55,2008-08-15T21:00:00Z,2008-08-24T03:00:00Z
AL062009,Erika,50,2009-09-01T21:00:00Z,2009-09-04T03:00:00Z
AL062010,Danielle,115,2010-08-21T21:00:00Z,2010-08-31T03:00:00Z
AL062011,Franklin,40,2011-08-12T21:00:00Z,2011-08-14T03:00:00Z
AL062012,Florence,50,2012-08-04T03:00:00Z,2012-08-06T15:00:00Z
AL062013,Fernand,45,2013-08-25T21:00:00Z,2013-08-26T21:00:00Z
AL062014,Edouard,100,2014-09-11T15:00:00Z,2014-09-19T21:00:00Z
AL062015,Fred,75,2015-08-30T05:30:00Z,2015-09-06T21:00:00Z
AL062016,Fiona,45,2016-08-17T03:00:00Z,2016-08-23T15:00:00Z
AL071998,Georges,130,1998-09-15T15:00:00Z,1998-09-29T15:00:00Z
AL071999,Seven,30,1999-09-05T21:00:00Z,1999-09-07T15:00:00Z
AL072000,Debby,NA,2000-08-19T21:00:00Z,2000-08-24T15:00:00Z
AL072001,Felix,100,2001-09-07T21:00:00Z,2001-09-19T03:00:00Z
AL072002,Seven,30,2002-09-07T15:00:00Z,2002-09-08T15:00:00Z
AL072003,Seven,30,2003-07-25T18:00:00Z,2003-07-26T09:00:00Z
AL072004,Gaston,60,2004-08-27T21:00:00Z,2004-09-01T09:00:00Z
AL072005,Gert,40,2005-07-23T21:00:00Z,2005-07-25T15:00:00Z
AL072006,Gordon,105,2006-09-11T03:00:00Z,2006-09-20T21:00:00Z
AL072007,Gabrielle,45,2007-09-08T03:00:00Z,2007-09-11T15:00:00Z
AL072008,Gustav,130,2008-08-25T15:00:00Z,2008-09-02T09:00:00Z
AL072009,Fred,105,2009-09-07T21:00:00Z,2009-09-12T21:00:00Z
AL072010,Earl,125,2010-08-25T15:00:00Z,2010-09-05T03:00:00Z
AL072011,Gert,50,2011-08-14T03:00:00Z,2011-08-16T21:00:00Z
AL072012,Helene,40,2012-08-09T21:00:00Z,2012-08-19T03:00:00Z
AL072013,Gabrielle,50,2013-09-04T21:00:00Z,2013-09-13T21:00:00Z
AL072014,Fay,65,2014-10-10T15:00:00Z,2014-10-13T21:00:00Z
AL072015,Grace,45,2015-09-05T15:00:00Z,2015-09-09T15:00:00Z
AL072016,Gaston,105,2016-08-22T21:00:00Z,2016-09-03T09:00:00Z
AL081998,Hermine,40,1998-09-17T21:00:00Z,1998-09-20T15:00:00Z
AL081999,Floyd,135,1999-09-07T21:00:00Z,1999-09-17T09:00:00Z
AL082000,Ernesto,35,2000-09-02T03:00:00Z,2000-09-03T21:00:00Z
AL082001,Gabrielle,70,2001-09-11T21:00:00Z,2001-09-19T03:00:00Z
AL082002,Gustav,80,2002-09-08T15:00:00Z,2002-09-12T09:00:00Z
AL082003,Erika,60,2003-08-14T21:00:00Z,2003-08-17T03:00:00Z
AL082004,Hermine,45,2004-08-29T21:00:00Z,2004-08-31T09:00:00Z
AL082005,Harvey,55,2005-08-02T21:00:00Z,2005-08-08T21:00:00Z
AL082006,Helene,110,2006-09-12T15:00:00Z,2006-09-24T15:00:00Z
AL082007,Ingrid,40,2007-09-12T15:00:00Z,2007-09-17T09:00:00Z
AL082008,Hanna,70,2008-08-28T09:00:00Z,2008-09-07T09:00:00Z
AL082009,Eight,30,2009-09-25T21:00:00Z,2009-09-26T21:00:00Z
AL082010,Fiona,50,2010-08-30T21:00:00Z,2010-09-04T03:00:00Z
AL082011,Harvey,50,2011-08-19T03:00:00Z,2011-08-22T15:00:00Z
AL082012,Gordon,95,2012-08-15T21:00:00Z,2012-08-20T21:00:00Z
AL082013,Eight,30,2013-09-06T18:30:00Z,2013-09-07T09:00:00Z
AL082014,Gonzalo,125,2014-10-12T17:30:00Z,2014-10-19T21:00:00Z
AL082015,Henri,35,2015-09-09T04:30:00Z,2015-09-11T21:00:00Z
AL082016,Eight,30,2016-08-28T15:00:00Z,2016-09-01T09:00:00Z
AL091998,Ivan,80,1998-09-20T15:00:00Z,1998-09-27T03:00:00Z
AL091999,Gert,130,1999-09-11T15:00:00Z,1999-09-23T15:00:00Z
AL092000,Nine,NA,2000-09-09T00:00:00Z,2000-09-09T09:00:00Z
AL092001,Nine,30,2001-09-19T21:00:00Z,2001-09-20T03:00:00Z
AL092002,Hanna,45,2002-09-12T03:00:00Z,2002-09-14T21:00:00Z
AL092003,Nine,30,2003-08-21T21:00:00Z,2003-08-22T21:00:00Z
AL092004,Ivan,145,2004-09-02T21:00:00Z,2004-09-24T09:00:00Z
AL092005,Irene,85,2005-08-04T21:00:00Z,2005-08-18T15:00:00Z
AL092006,Isaac,75,2006-09-27T21:00:00Z,2006-10-02T21:00:00Z
AL092007,Humberto,75,2007-09-12T15:00:00Z,2007-09-13T21:00:00Z
AL092008,Ike,125,2008-09-01T15:00:00Z,2008-09-14T09:00:00Z
AL092009,Grace,60,2009-10-05T03:00:00Z,2009-10-06T03:00:00Z
AL092010,Gaston,35,2010-09-01T15:00:00Z,2010-09-02T21:00:00Z
AL092011,Irene,105,2011-08-20T23:00:00Z,2011-08-29T03:00:00Z
AL092012,Isaac,70,2012-08-21T09:00:00Z,2012-08-30T21:00:00Z
AL092013,Humberto,75,2013-09-08T21:00:00Z,2013-09-19T21:00:00Z
AL092014,Hanna,35,2014-10-22T03:00:00Z,2014-10-28T03:00:00Z
AL092015,Nine,30,2015-09-16T15:00:00Z,2015-09-19T21:00:00Z
AL092016,Hermine,70,2016-08-28T21:00:00Z,2016-09-06T18:00:00Z
AL101998,Jeanne,90,1998-09-21T21:00:00Z,1998-10-01T03:00:00Z
AL101999,Harvey,50,1999-09-19T10:00:00Z,1999-09-22T03:00:00Z
AL102000,Florence,70,2000-09-11T15:00:00Z,2000-09-17T21:00:00Z
AL102001,Humberto,90,2001-09-21T15:00:00Z,2001-09-27T21:00:00Z
AL102002,Isidore,110,2002-09-14T21:00:00Z,2002-09-26T21:00:00Z
AL102003,Fabian,125,2003-08-27T21:00:00Z,2003-09-08T15:00:00Z
AL102004,Ten,30,2004-09-09T09:00:00Z,2004-09-09T21:00:00Z
AL102005,Ten,30,2005-08-13T21:00:00Z,2005-08-14T15:00:00Z
AL102007,Ten,30,2007-09-21T15:00:00Z,2007-09-22T03:00:00Z
AL102008,Josephine,55,2008-09-02T09:00:00Z,2008-09-06T09:00:00Z
AL102009,Henri,45,2009-10-06T21:00:00Z,2009-10-08T21:00:00Z
AL102010,Hermine,50,2010-09-06T03:00:00Z,2010-09-08T03:00:00Z
AL102011,Ten,30,2011-08-25T09:00:00Z,2011-08-27T03:00:00Z
AL102012,Joyce,35,2012-08-22T15:00:00Z,2012-08-24T15:00:00Z
AL102013,Ingrid,75,2013-09-12T21:00:00Z,2013-09-17T09:00:00Z
AL102015,Ida,45,2015-09-18T15:00:00Z,2015-09-27T21:00:00Z
AL102016,Ian,55,2016-09-12T15:00:00Z,2016-09-16T15:00:00Z
AL111998,Karl,90,1998-09-23T21:00:00Z,1998-09-28T03:00:00Z
AL111999,Eleven,NA,1999-10-04T21:00:00Z,1999-10-06T21:00:00Z
AL112000,Gordon,65,2000-09-14T15:00:00Z,2000-09-18T15:00:00Z
AL112001,Iris,120,2001-10-04T21:00:00Z,2001-10-09T15:00:00Z
AL112002,Josephine,50,2002-09-17T21:00:00Z,2002-09-19T15:00:00Z
AL112003,Grace,35,2003-08-30T15:00:00Z,2003-08-31T15:00:00Z
AL112004,Jeanne,100,2004-09-13T21:00:00Z,2004-09-27T15:00:00Z
AL112005,Jose,45,2005-08-22T16:00:00Z,2005-08-23T15:00:00Z
AL112007,Jerry,40,2007-09-23T09:00:00Z,2007-09-25T03:00:00Z
AL112008,Kyle,70,2008-09-25T21:00:00Z,2008-09-29T03:00:00Z
AL112009,Ida,90,2009-11-04T15:00:00Z,2009-11-10T15:00:00Z
AL112010,Igor,135,2010-09-08T15:00:00Z,2010-09-21T21:00:00Z
AL112011,Jose,40,2011-08-28T12:00:00Z,2011-08-29T15:00:00Z
AL112012,Kirk,90,2012-08-28T21:00:00Z,2012-09-02T21:00:00Z
AL112013,Jerry,45,2013-09-29T03:00:00Z,2013-10-03T21:00:00Z
AL112015,Joaquin,135,2015-09-28T03:00:00Z,2015-10-08T03:00:00Z
AL112016,Julia,35,2016-09-14T03:00:00Z,2016-09-19T03:00:00Z
AL121998,Lisa,65,1998-10-05T21:00:00Z,1998-10-09T21:00:00Z
AL121999,Twelve,30,1999-10-06T03:00:00Z,1999-10-08T21:00:00Z
AL122000,Helene,55,2000-09-15T21:00:00Z,2000-09-22T21:00:00Z
AL122001,Jerry,45,2001-10-06T15:00:00Z,2001-10-08T21:00:00Z
AL122002,Kyle,75,2002-09-20T21:00:00Z,2002-10-12T15:00:00Z
AL122003,Henri,45,2003-09-03T21:00:00Z,2003-09-08T21:00:00Z
AL122004,Karl,120,2004-09-16T21:00:00Z,2004-09-24T21:00:00Z
AL122005,Katrina,150,2005-08-23T21:00:00Z,2005-08-30T15:00:00Z
AL122007,Karen,60,2007-09-25T03:00:00Z,2007-09-29T21:00:00Z
AL122008,Laura,50,2008-09-29T09:00:00Z,2008-10-01T15:00:00Z
AL122010,Julia,115,2010-09-12T15:00:00Z,2010-09-20T15:00:00Z
AL122011,Katia,115,2011-08-29T09:00:00Z,2011-09-10T15:00:00Z
AL122012,Leslie,65,2012-08-30T15:00:00Z,2012-09-11T15:00:00Z
AL122013,Karen,55,2013-10-03T13:00:00Z,2013-10-06T15:00:00Z
AL122015,Kate,65,2015-11-09T03:00:00Z,2015-11-12T09:00:00Z
AL122016,Karl,60,2016-09-14T15:00:00Z,2016-09-25T15:00:00Z
AL131998,Mitch,155,1998-10-22T03:00:00Z,1998-11-05T21:00:00Z
AL131999,Irene,90,1999-10-13T15:00:00Z,1999-10-19T03:00:00Z
AL132000,Isaac,120,2000-09-21T15:00:00Z,2000-10-01T15:00:00Z
AL132001,Karen,70,2001-10-12T21:00:00Z,2001-10-15T15:00:00Z
AL132002,Lili,125,2002-09-21T21:00:00Z,2002-10-04T09:00:00Z
AL132003,Isabel,140,2003-09-06T13:00:00Z,2003-09-19T15:00:00Z
AL132004,Lisa,65,2004-09-19T21:00:00Z,2004-10-03T03:00:00Z
AL132005,Lee,35,2005-08-28T21:00:00Z,2005-09-02T03:00:00Z
AL132007,Lorenzo,70,2007-09-25T22:15:00Z,2007-09-28T21:00:00Z
AL132008,Marco,55,2008-10-06T15:00:00Z,2008-10-08T03:00:00Z
AL132010,Karl,105,2010-09-14T21:00:00Z,2010-09-18T09:00:00Z
AL132011,Lee,50,2011-09-02T00:00:00Z,2011-09-05T03:00:00Z
AL132012,Michael,100,2012-09-03T21:00:00Z,2012-09-11T21:00:00Z
AL132013,Lorenzo,45,2013-10-21T15:00:00Z,2013-10-24T15:00:00Z
AL132016,Lisa,45,2016-09-19T21:00:00Z,2016-09-25T03:00:00Z
AL141998,Nicole,65,1998-11-24T12:00:00Z,1998-11-30T15:00:00Z
AL141999,Jose,85,1999-10-17T21:00:00Z,1999-10-25T09:00:00Z
AL142000,Joyce,80,2000-09-25T21:00:00Z,2000-10-02T15:00:00Z
AL142001,Lorenzo,35,2001-10-27T15:00:00Z,2001-10-31T09:00:00Z
AL142002,Fourteen,30,2002-10-14T15:00:00Z,2002-10-16T21:00:00Z
AL142003,Fourteen,30,2003-09-08T15:00:00Z,2003-09-10T21:00:00Z
AL142004,Matthew,40,2004-10-08T21:00:00Z,2004-10-10T15:00:00Z
AL142005,Maria,100,2005-09-01T15:00:00Z,2005-09-10T09:00:00Z
AL142007,Melissa,40,2007-09-28T15:00:00Z,2007-09-30T21:00:00Z
AL142008,Nana,35,2008-10-12T21:00:00Z,2008-10-14T09:00:00Z
AL142010,Lisa,70,2010-09-21T03:00:00Z,2010-09-26T21:00:00Z
AL142011,Maria,70,2011-09-06T21:00:00Z,2011-09-16T21:00:00Z
AL142012,Nadine,80,2012-09-11T15:00:00Z,2012-10-04T15:00:00Z
AL142013,Melissa,55,2013-11-18T15:00:00Z,2013-11-22T03:00:00Z
AL142016,Matthew,140,2016-09-28T15:00:00Z,2016-10-09T21:00:00Z
AL151999,Katrina,35,1999-10-28T21:00:00Z,1999-11-01T21:00:00Z
AL152000,Keith,115,2000-09-28T21:00:00Z,2000-10-06T09:00:00Z
AL152001,Michelle,115,2001-10-29T21:00:00Z,2001-11-06T21:00:00Z
AL152003,Juan,90,2003-09-25T15:00:00Z,2003-09-29T09:00:00Z
AL152004,Nicole,45,2004-10-10T09:00:00Z,2004-10-11T21:00:00Z
AL152005,Nate,80,2005-09-05T21:00:00Z,2005-09-10T15:00:00Z
AL152007,Fifteen,30,2007-10-11T21:00:00Z,2007-10-12T21:00:00Z
AL152008,Omar,110,2008-10-13T15:00:00Z,2008-10-18T15:00:00Z
AL152010,Matthew,45,2010-09-23T18:00:00Z,2010-09-26T15:00:00Z
AL152011,Nate,60,2011-09-07T21:00:00Z,2011-09-12T03:00:00Z
AL152012,Oscar,45,2012-10-03T15:00:00Z,2012-10-05T15:00:00Z
AL152016,Nicole,115,2016-10-04T15:00:00Z,2016-10-18T09:00:00Z
AL161999,Lenny,130,1999-11-13T21:00:00Z,1999-11-21T21:00:00Z
AL162000,Leslie,35,2000-10-04T21:00:00Z,2000-10-07T15:00:00Z
AL162001,Noel,65,2001-11-05T16:00:00Z,2001-11-06T15:00:00Z
AL162003,Kate,110,2003-09-25T21:00:00Z,2003-10-07T21:00:00Z
AL162004,Otto,45,2004-11-30T21:00:00Z,2004-12-02T15:00:00Z
AL162005,Ophelia,75,2005-09-06T15:00:00Z,2005-09-18T03:00:00Z
AL162007,Noel,70,2007-10-28T03:00:00Z,2007-11-02T21:00:00Z
AL162008,Sixteen,30,2008-10-14T15:00:00Z,2008-10-16T03:00:00Z
AL162010,Nicole,35,2010-09-28T15:00:00Z,2010-09-29T21:00:00Z
AL162011,Ophelia,120,2011-09-21T03:00:00Z,2011-10-03T15:00:00Z
AL162012,Patty,40,2012-10-11T15:00:00Z,2012-10-13T15:00:00Z
AL162016,Otto,95,2016-11-21T09:00:00Z,2016-11-25T03:00:00Z
AL172000,Michael,85,2000-10-17T03:00:00Z,2000-10-20T00:30:00Z
AL172001,Olga,80,2001-11-24T21:00:00Z,2001-12-04T21:00:00Z
AL172003,Larry,50,2003-10-02T00:00:00Z,2003-10-06T09:00:00Z
AL172005,Philippe,70,2005-09-17T15:00:00Z,2005-09-24T03:00:00Z
AL172007,Olga,50,2007-12-11T03:00:00Z,2007-12-13T03:00:00Z
AL172008,Paloma,125,2008-11-05T21:00:00Z,2008-11-10T03:00:00Z
AL172010,Otto,75,2010-10-06T09:00:00Z,2010-10-10T15:00:00Z
AL172011,Philippe,80,2011-09-24T09:00:00Z,2011-10-09T03:00:00Z
AL172012,Rafael,80,2012-10-12T23:30:00Z,2012-10-17T21:00:00Z
AL182000,Nadine,50,2000-10-19T21:00:00Z,2000-10-22T03:00:00Z
AL182003,Mindy,40,2003-10-10T21:00:00Z,2003-10-14T03:00:00Z
AL182005,Rita,150,2005-09-18T03:00:00Z,2005-09-25T03:00:00Z
AL182010,Paula,85,2010-10-11T21:00:00Z,2010-10-15T15:00:00Z
AL182011,Rina,95,2011-10-23T21:00:00Z,2011-10-28T21:00:00Z
AL182012,Sandy,90,2012-10-22T15:00:00Z,2012-10-30T03:00:00Z
AL192003,Nicholas,60,2003-10-13T21:00:00Z,2003-10-23T21:00:00Z
AL192005,Nineteen,30,2005-09-30T21:00:00Z,2005-10-02T15:00:00Z
AL192010,Richard,80,2010-10-21T03:00:00Z,2010-10-26T15:00:00Z
AL192011,Sean,55,2011-11-08T09:00:00Z,2011-11-12T03:00:00Z
AL192012,Tony,45,2012-10-22T21:00:00Z,2012-10-25T21:00:00Z
AL202003,Odette,55,2003-12-04T15:00:00Z,2003-12-07T15:00:00Z
AL202005,Stan,70,2005-10-01T15:00:00Z,2005-10-05T09:00:00Z
AL202010,Shary,65,2010-10-29T03:00:00Z,2010-10-30T21:00:00Z
AL212003,Peter,60,2003-12-09T15:00:00Z,2003-12-11T03:00:00Z
AL212005,Tammy,45,2005-10-05T11:30:00Z,2005-10-06T15:00:00Z
AL212010,Tomas,85,2010-10-29T21:00:00Z,2010-11-07T21:00:00Z
AL222005,Twenty-Two,30,2005-10-08T15:00:00Z,2005-10-09T03:00:00Z
AL232005,Vince,65,2005-10-09T15:00:00Z,2005-10-11T09:00:00Z
AL242005,Wilma,150,2005-10-15T21:00:00Z,2005-10-25T21:00:00Z
AL252005,Alpha,45,2005-10-22T15:00:00Z,2005-10-24T21:00:00Z
AL262005,Beta,100,2005-10-27T03:00:00Z,2005-10-31T03:00:00Z
AL272005,Gamma,40,2005-11-14T03:00:00Z,2005-11-21T03:00:00Z
AL282005,Delta,60,2005-11-23T21:00:00Z,2005-11-28T15:00:00Z
AL292005,Epsilon,75,2005-11-29T15:00:00Z,2005-12-08T15:00:00Z
AL302005,Zeta,55,2005-12-30T17:00:00Z,2006-01-06T21:00:00Z
EP011998,Agatha,55,1998-06-11T15:00:00Z,1998-06-16T21:00:00Z
EP011999,Adrian,85,1999-06-18T09:00:00Z,1999-06-22T21:00:00Z
EP012000,Aletta,90,2000-05-22T15:00:00Z,2000-05-28T03:00:00Z
EP012001,Adolph,125,2001-05-25T21:00:00Z,2001-06-02T03:00:00Z
EP012002,Alma,95,2002-05-24T21:00:00Z,2002-06-01T15:00:00Z
EP012003,Andres,40,2003-05-20T03:00:00Z,2003-05-26T03:00:00Z
EP012004,Agatha,45,2004-05-22T03:00:00Z,2004-05-25T03:00:00Z
EP012005,Adrian,75,2005-05-17T21:00:00Z,2005-05-20T15:00:00Z
EP012006,Aletta,40,2006-05-27T10:00:00Z,2006-05-30T21:00:00Z
EP012007,Alvin,35,2007-05-27T03:00:00Z,2007-05-31T21:00:00Z
EP012008,Alma,55,2008-05-29T03:00:00Z,2008-05-30T15:00:00Z
EP012009,One-E,NA,2009-06-18T15:00:00Z,2009-06-20T00:00:00Z
EP012010,Agatha,40,2010-05-29T12:00:00Z,2010-05-30T09:00:00Z
EP012011,Adrian,120,2011-06-07T15:00:00Z,2011-06-12T15:00:00Z
EP012012,Aletta,40,2012-05-14T15:00:00Z,2012-05-19T15:00:00Z
EP012013,Alvin,45,2013-05-15T15:00:00Z,2013-05-17T09:00:00Z
EP012014,Amanda,135,2014-05-22T21:00:00Z,2014-05-29T21:00:00Z
EP012015,Andres,125,2015-05-28T09:00:00Z,2015-06-04T21:00:00Z
EP012016,One-E,30,2016-06-06T21:00:00Z,2016-06-08T15:00:00Z
EP012017,Adrian,40,2017-05-09T21:00:00Z,2017-05-11T15:00:00Z
EP021998,Two-E,30,1998-06-19T21:00:00Z,1998-06-22T03:00:00Z
EP021999,Beatriz,105,1999-07-09T09:00:00Z,1999-07-16T21:00:00Z
EP022000,Bud,45,2000-06-13T15:00:00Z,2000-06-17T15:00:00Z
EP022001,Barbara,50,2001-06-20T03:00:00Z,2001-06-22T15:00:00Z
EP022002,Boris,50,2002-06-08T17:15:00Z,2002-06-11T21:00:00Z
EP022003,Blanca,55,2003-06-17T03:00:00Z,2003-06-22T15:00:00Z
EP022004,Two-E,25,2004-07-02T16:00:00Z,2004-07-03T21:00:00Z
EP022005,Beatriz,45,2005-06-21T21:00:00Z,2005-06-24T15:00:00Z
EP022006,Two-E,30,2006-06-03T15:00:00Z,2006-06-05T03:00:00Z
EP022007,Barbara,45,2007-05-29T21:00:00Z,2007-06-02T21:00:00Z
EP022008,Boris,65,2008-06-27T09:00:00Z,2008-07-04T09:00:00Z
EP022009,Andres,65,2009-06-21T21:00:00Z,2009-06-24T18:00:00Z
EP022010,Two-E,25,2010-06-16T15:30:00Z,2010-06-17T15:00:00Z
EP022011,Beatriz,80,2011-06-19T15:00:00Z,2011-06-22T03:00:00Z
EP022012,Bud,100,2012-05-21T03:00:00Z,2012-05-26T15:00:00Z
EP022013,Barbara,65,2013-05-28T21:00:00Z,2013-05-30T21:00:00Z
EP022014,Boris,35,2014-06-02T21:00:00Z,2014-06-04T21:00:00Z
EP022015,Blanca,120,2015-05-31T22:30:00Z,2015-06-09T09:00:00Z
EP022016,Agatha,40,2016-07-02T03:00:00Z,2016-07-05T03:00:00Z
EP022017,Beatriz,40,2017-05-31T15:00:00Z,2017-06-02T15:00:00Z
EP031998,Blas,120,1998-06-22T15:00:00Z,1998-06-30T15:00:00Z
EP031999,Three-E,30,1999-07-14T11:00:00Z,1999-07-15T15:00:00Z
EP032000,Carlotta,130,2000-06-18T21:00:00Z,2000-06-25T15:00:00Z
EP032001,Cosme,45,2001-07-13T09:00:00Z,2001-07-15T21:00:00Z
EP032002,Three-E,30,2002-06-27T15:00:00Z,2002-06-29T09:00:00Z
EP032003,Carlos,50,2003-06-26T03:00:00Z,2003-06-27T21:00:00Z
EP032004,Blas,50,2004-07-12T15:00:00Z,2004-07-15T03:00:00Z
EP032005,Calvin,45,2005-06-26T21:00:00Z,2005-06-29T03:00:00Z
EP032006,Bud,110,2006-07-11T03:00:00Z,2006-07-15T21:00:00Z
EP032007,Three-E,30,2007-06-11T16:00:00Z,2007-06-13T03:00:00Z
EP032008,Cristina,45,2008-06-27T21:00:00Z,2008-07-01T03:00:00Z
EP032009,Blanca,45,2009-07-06T12:30:00Z,2009-07-09T03:00:00Z
EP032010,Blas,55,2010-06-17T15:00:00Z,2010-06-21T21:00:00Z
EP032011,Calvin,70,2011-07-07T15:00:00Z,2011-07-10T03:00:00Z
EP032012,Carlotta,90,2012-06-14T03:00:00Z,2012-06-17T03:00:00Z
EP032013,Cosme,75,2013-06-23T15:00:00Z,2013-06-27T21:00:00Z
EP032014,Cristina,130,2014-06-09T21:00:00Z,2014-06-15T21:00:00Z
EP032015,Carlos,80,2015-06-10T21:00:00Z,2015-06-17T21:00:00Z
EP032016,Blas,120,2016-07-03T03:00:00Z,2016-07-10T15:00:00Z
EP032017,Calvin,35,2017-06-11T21:00:00Z,2017-06-13T15:00:00Z
EP041998,Celia,50,1998-07-17T15:00:00Z,1998-07-21T03:00:00Z
EP041999,Four-C,NA,1999-07-23T15:00:00Z,1999-07-24T21:00:00Z
EP042000,Four-E,30,2000-07-06T21:00:00Z,2000-07-07T15:00:00Z
EP042001,Erick,35,2001-07-20T21:00:00Z,2001-07-24T03:00:00Z
EP042002,Cristina,55,2002-07-09T15:00:00Z,2002-07-16T21:00:00Z
EP042003,Dolores,35,2003-07-06T09:00:00Z,2003-07-08T03:00:00Z
EP042004,Celia,70,2004-07-19T03:00:00Z,2004-07-25T21:00:00Z
EP042005,Dora,35,2005-07-04T04:00:00Z,2005-07-06T09:00:00Z
EP042006,Carlotta,75,2006-07-12T03:00:00Z,2006-07-17T03:00:00Z
EP042007,Four-E,30,2007-07-09T21:00:00Z,2007-07-11T03:00:00Z
EP042008,Douglas,35,2008-07-02T03:00:00Z,2008-07-04T03:00:00Z
EP042009,Carlos,90,2009-07-10T09:00:00Z,2009-07-16T21:00:00Z
EP042010,Celia,140,2010-06-19T12:30:00Z,2010-06-29T03:00:00Z
EP042011,Dora,135,2011-07-18T15:00:00Z,2011-07-24T21:00:00Z
EP042012,Daniel,100,2012-07-04T09:00:00Z,2012-07-11T09:00:00Z
EP042013,Dalila,65,2013-06-30T03:00:00Z,2013-07-07T09:00:00Z
EP042014,Douglas,40,2014-06-28T21:00:00Z,2014-07-05T15:00:00Z
EP042015,Four-E,30,2015-07-08T03:00:00Z,2015-07-08T03:00:00Z
EP042016,Celia,85,2016-07-06T21:00:00Z,2016-07-15T09:00:00Z
EP042017,Dora,80,2017-06-25T03:00:00Z,2017-06-28T15:00:00Z
EP051998,Darby,105,1998-07-23T09:00:00Z,1998-07-29T03:00:00Z
EP051999,Calvin,35,1999-07-25T15:00:00Z,1999-07-27T15:00:00Z
EP052000,Five-E,30,2000-07-22T21:00:00Z,2000-07-23T15:00:00Z
EP052001,Dalila,70,2001-07-21T03:00:00Z,2001-07-28T15:00:00Z
EP052002,Douglas,90,2002-07-20T15:00:00Z,2002-07-26T15:00:00Z
EP052003,Enrique,55,2003-07-10T17:00:00Z,2003-07-13T21:00:00Z
EP052004,Darby,105,2004-07-26T21:00:00Z,2004-07-31T21:00:00Z
EP052005,Eugene,60,2005-07-18T15:00:00Z,2005-07-20T21:00:00Z
EP052006,Daniel,130,2006-07-17T03:00:00Z,2006-07-24T09:00:00Z
EP052007,Five-E,30,2007-07-14T15:00:00Z,2007-07-16T03:00:00Z
EP052008,Five-E,30,2008-07-05T21:00:00Z,2008-07-07T09:00:00Z
EP052009,Dolores,45,2009-07-15T03:00:00Z,2009-07-17T03:00:00Z
EP052010,Darby,105,2010-06-23T03:00:00Z,2010-06-28T21:00:00Z
EP052011,Eugene,120,2011-07-31T09:00:00Z,2011-08-06T15:00:00Z
EP052012,Emilia,120,2012-07-07T21:00:00Z,2012-07-15T15:00:00Z
EP052013,Erick,70,2013-07-04T15:00:00Z,2013-07-09T15:00:00Z
EP052014,Elida,45,2014-06-30T15:00:00Z,2014-07-02T09:00:00Z
EP052015,Dolores,115,2015-07-11T15:00:00Z,2015-07-19T03:00:00Z
EP052016,Darby,100,2016-07-11T21:00:00Z,2016-07-20T15:00:00Z
EP061998,Estelle,115,1998-07-29T21:00:00Z,1998-08-06T15:00:00Z
EP061999,Six-E,30,1999-07-27T03:00:00Z,1999-07-28T03:00:00Z
EP062000,Daniel,110,2000-07-23T15:00:00Z,2000-08-05T09:00:00Z
EP062001,Six-E,30,2001-08-22T21:00:00Z,2001-08-24T03:00:00Z
EP062002,Elida,135,2002-07-23T15:00:00Z,2002-07-30T03:00:00Z
EP062003,Felicia,45,2003-07-18T03:00:00Z,2003-07-23T09:00:00Z
EP062004,Six-E,30,2004-07-29T09:00:00Z,2004-08-03T21:00:00Z
EP062005,Fernanda,75,2005-08-09T15:00:00Z,2005-08-16T03:00:00Z
EP062006,Emilia,60,2006-07-21T15:00:00Z,2006-07-28T03:00:00Z
EP062007,Cosme,65,2007-07-14T17:00:00Z,2007-07-18T21:00:00Z
EP062008,Elida,90,2008-07-12T05:00:00Z,2008-07-19T21:00:00Z
EP062009,Six-E,30,2009-07-30T15:00:00Z,2009-07-30T15:00:00Z
EP062010,Six-E,30,2010-07-14T21:00:00Z,2010-07-16T09:00:00Z
EP062011,Fernanda,55,2011-08-15T21:00:00Z,2011-08-18T09:00:00Z
EP062012,Fabio,90,2012-07-12T09:00:00Z,2012-07-18T15:00:00Z
EP062013,Flossie,60,2013-07-25T03:00:00Z,2013-07-27T15:00:00Z
EP062014,Fausto,40,2014-07-07T22:30:00Z,2014-07-09T15:00:00Z
EP062015,Enrique,45,2015-07-12T16:00:00Z,2015-07-18T03:00:00Z
EP062016,Estelle,60,2016-07-15T15:00:00Z,2016-07-22T15:00:00Z
EP071998,Frank,35,1998-08-06T21:00:00Z,1998-08-10T03:00:00Z
EP071999,Dora,120,1999-08-06T03:00:00Z,1999-08-20T03:00:00Z
EP072000,Emilia,55,2000-07-26T15:00:00Z,2000-07-30T03:00:00Z
EP072001,Flossie,90,2001-08-26T09:00:00Z,2001-09-02T03:00:00Z
EP072002,Seven-E,30,2002-08-06T09:00:00Z,2002-08-08T03:00:00Z
EP072003,Guillermo,50,2003-08-07T15:00:00Z,2003-08-12T21:00:00Z
EP072004,Estelle,55,2004-08-19T09:00:00Z,2004-08-21T03:00:00Z
EP072005,Greg,45,2005-08-11T11:00:00Z,2005-08-15T21:00:00Z
EP072006,Fabio,45,2006-07-31T21:00:00Z,2006-08-03T21:00:00Z
EP072007,Dalila,50,2007-07-22T03:00:00Z,2007-07-27T15:00:00Z
EP072008,Fausto,85,2008-07-16T09:00:00Z,2008-07-22T21:00:00Z
EP072009,Enrique,50,2009-08-03T21:00:00Z,2009-08-07T21:00:00Z
EP072010,Estelle,55,2010-08-06T03:00:00Z,2010-08-10T15:00:00Z
EP072011,Greg,75,2011-08-16T21:00:00Z,2011-08-21T15:00:00Z
EP072012,Gilma,70,2012-08-07T09:00:00Z,2012-08-11T21:00:00Z
EP072013,Gil,75,2013-07-30T15:00:00Z,2013-08-06T03:00:00Z
EP072014,Genevieve,40,2014-07-25T09:00:00Z,2014-07-27T09:00:00Z
EP072015,Felicia,35,2015-07-23T09:00:00Z,2015-07-25T03:00:00Z
EP072016,Frank,75,2016-07-21T21:00:00Z,2016-07-28T21:00:00Z
EP081998,Georgette,100,1998-08-11T09:00:00Z,1998-08-17T03:00:00Z
EP081999,Eugene,95,1999-08-06T17:00:00Z,1999-08-15T21:00:00Z
EP082000,Fabio,45,2000-08-03T15:00:00Z,2000-08-06T21:00:00Z
EP082001,Gil,85,2001-09-04T09:00:00Z,2001-09-09T21:00:00Z
EP082002,Fausto,125,2002-08-21T17:00:00Z,2002-08-27T21:00:00Z
EP082003,Hilda,35,2003-08-09T09:00:00Z,2003-08-13T15:00:00Z
EP082004,Frank,75,2004-08-23T09:00:00Z,2004-08-26T15:00:00Z
EP082005,Hilary,90,2005-08-19T15:00:00Z,2005-08-25T21:00:00Z
EP082006,Gilma,35,2006-08-01T03:00:00Z,2006-08-03T21:00:00Z
EP082007,Erick,35,2007-07-31T21:00:00Z,2007-08-02T21:00:00Z
EP082008,Genevieve,65,2008-07-21T15:00:00Z,2008-07-27T15:00:00Z
EP082009,Felicia,120,2009-08-04T03:00:00Z,2009-08-08T15:00:00Z
EP082010,Eight-E,30,2010-08-20T12:30:00Z,2010-08-22T03:00:00Z
EP082011,Eight-E,30,2011-08-31T15:00:00Z,2011-09-01T03:00:00Z
EP082012,Hector,40,2012-08-11T17:00:00Z,2012-08-17T09:00:00Z
EP082013,Henriette,90,2013-08-03T15:00:00Z,2013-08-09T03:00:00Z
EP082014,Hernan,65,2014-07-26T09:00:00Z,2014-07-29T15:00:00Z
EP082015,Eight-E,30,2015-07-27T21:00:00Z,2015-07-30T15:00:00Z
EP082016,Georgette,115,2016-07-21T21:00:00Z,2016-07-27T15:00:00Z
EP091998,Howard,130,1998-08-21T09:00:00Z,1998-08-29T21:00:00Z
EP091999,Nine-E,30,1999-08-13T21:00:00Z,1999-08-15T03:00:00Z
EP092000,Gilma,70,2000-08-05T03:00:00Z,2000-08-11T03:00:00Z
EP092001,Henriette,55,2001-09-04T15:00:00Z,2001-09-08T15:00:00Z
EP092002,Genevieve,60,2002-08-26T03:00:00Z,2002-09-01T09:00:00Z
EP092003,Ignacio,90,2003-08-22T12:00:00Z,2003-08-27T21:00:00Z
EP092004,Nine-E,30,2004-08-23T21:00:00Z,2004-08-26T15:00:00Z
EP092005,Irwin,45,2005-08-25T21:00:00Z,2005-08-28T15:00:00Z
EP092006,Hector,90,2006-08-15T21:00:00Z,2006-08-23T03:00:00Z
EP092007,Flossie,115,2007-08-08T21:00:00Z,2007-08-11T15:00:00Z
EP092008,Hernan,105,2008-08-06T21:00:00Z,2008-08-13T03:00:00Z
EP092009,Nine-E,30,2009-08-09T21:00:00Z,2009-08-13T03:00:00Z
EP092010,Frank,80,2010-08-21T21:00:00Z,2010-08-28T15:00:00Z
EP092011,Hilary,125,2011-09-21T09:00:00Z,2011-09-30T21:00:00Z
EP092012,Ileana,75,2012-08-27T21:00:00Z,2012-09-02T15:00:00Z
EP092013,Ivo,40,2013-08-22T15:00:00Z,2013-08-25T21:00:00Z
EP092014,Iselle,120,2014-07-31T21:00:00Z,2014-08-05T15:00:00Z
EP092015,Guillermo,90,2015-07-30T03:00:00Z,2015-08-01T21:00:00Z
EP092016,Howard,50,2016-07-31T16:30:00Z,2016-08-03T21:00:00Z
EP101998,Isis,65,1998-09-01T21:00:00Z,1998-09-03T15:00:00Z
EP101999,Fernanda,55,1999-08-17T15:00:00Z,1999-08-22T15:00:00Z
EP102000,Hector,65,2000-08-10T21:00:00Z,2000-08-16T21:00:00Z
EP102001,Ivo,45,2001-09-10T21:00:00Z,2001-09-14T21:00:00Z
EP102002,Hernan,140,2002-08-30T09:00:00Z,2002-09-06T15:00:00Z
EP102003,Jimena,85,2003-08-28T09:00:00Z,2003-08-30T09:00:00Z
EP102004,Georgette,50,2004-08-26T15:00:00Z,2004-08-30T15:00:00Z
EP102005,Jova,90,2005-09-12T03:00:00Z,2005-09-18T03:00:00Z
EP102006,Ileana,105,2006-08-21T18:00:00Z,2006-08-27T15:00:00Z
EP102007,Gil,40,2007-08-29T15:00:00Z,2007-09-02T15:00:00Z
EP102008,Iselle,45,2008-08-13T15:00:00Z,2008-08-17T03:00:00Z
EP102009,Guillermo,110,2009-08-12T16:00:00Z,2009-08-16T21:00:00Z
EP102010,Ten-E,30,2010-09-03T09:00:00Z,2010-09-04T09:00:00Z
EP102011,Jova,110,2011-10-06T03:00:00Z,2011-10-13T03:00:00Z
EP102012,John,35,2012-09-02T21:00:00Z,2012-09-04T21:00:00Z
EP102013,Juliette,45,2013-08-28T21:00:00Z,2013-08-30T03:00:00Z
EP102014,Julio,100,2014-08-04T03:00:00Z,2014-08-08T03:00:00Z
EP102015,Hilda,90,2015-08-06T03:00:00Z,2015-08-08T03:00:00Z
EP102016,Ivette,50,2016-08-02T21:00:00Z,2016-08-08T03:00:00Z
EP111998,Javier,40,1998-09-07T15:00:00Z,1998-09-11T21:00:00Z
EP111999,Eleven-E,30,1999-08-23T21:00:00Z,1999-08-24T21:00:00Z
EP112000,Ileana,60,2000-08-13T21:00:00Z,2000-08-17T03:00:00Z
EP112001,Juliette,125,2001-09-21T18:00:00Z,2001-10-03T03:00:00Z
EP112002,Eleven-E,30,2002-09-05T21:00:00Z,2002-09-08T15:00:00Z
EP112003,Kevin,35,2003-09-03T15:00:00Z,2003-09-06T03:00:00Z
EP112004,Howard,120,2004-08-30T21:00:00Z,2004-09-05T15:00:00Z
EP112005,Kenneth,115,2005-09-14T21:00:00Z,2005-09-26T03:00:00Z
EP112006,John,115,2006-08-28T15:00:00Z,2006-09-04T15:00:00Z
EP112007,Henriette,75,2007-08-30T21:00:00Z,2007-09-06T09:00:00Z
EP112008,Julio,45,2008-08-23T15:00:00Z,2008-08-26T15:00:00Z
EP112009,Hilda,40,2009-08-22T15:00:00Z,2009-08-23T15:00:00Z
EP112010,Eleven-E,30,2010-09-03T23:00:00Z,2010-09-04T15:00:00Z
EP112011,Irwin,80,2011-10-06T09:00:00Z,2011-10-17T03:00:00Z
EP112012,Kristy,50,2012-09-12T15:00:00Z,2012-09-17T15:00:00Z
EP112013,Kiko,60,2013-08-31T03:00:00Z,2013-09-02T21:00:00Z
EP112014,Karina,70,2014-08-13T03:00:00Z,2014-08-27T03:00:00Z
EP112015,Eleven-E,30,2015-08-16T03:00:00Z,2015-08-18T09:00:00Z
EP112016,Javier,55,2016-08-07T09:00:00Z,2016-08-09T21:00:00Z
EP121998,Twelve-E,30,1998-10-01T21:00:00Z,1998-10-03T03:00:00Z
EP121999,Greg,65,1999-09-05T16:00:00Z,1999-09-09T15:00:00Z
EP122000,John,NA,2000-08-28T17:00:00Z,2000-09-01T21:00:00Z
EP122001,Kiko,65,2001-09-22T03:00:00Z,2001-09-25T21:00:00Z
EP122002,Iselle,60,2002-09-15T09:00:00Z,2002-09-20T15:00:00Z
EP122003,Linda,65,2003-09-14T09:00:00Z,2003-09-17T21:00:00Z
EP122004,Isis,65,2004-09-08T09:00:00Z,2004-09-17T09:00:00Z
EP122005,Lidia,40,2005-09-17T15:00:00Z,2005-09-19T03:00:00Z
EP122006,Kristy,65,2006-08-30T05:00:00Z,2006-09-08T03:00:00Z
EP122007,Ivo,70,2007-09-18T17:00:00Z,2007-09-23T21:00:00Z
EP122008,Karina,35,2008-09-02T16:00:00Z,2008-09-03T15:00:00Z
EP122009,Ignacio,45,2009-08-24T21:00:00Z,2009-08-27T15:00:00Z
EP122010,Georgette,35,2010-09-21T12:00:00Z,2010-09-23T03:00:00Z
EP122011,Twelve-E,30,2011-10-12T09:00:00Z,2011-10-13T03:00:00Z
EP122012,Lane,70,2012-09-15T15:00:00Z,2012-09-19T15:00:00Z
EP122013,Lorena,40,2013-09-05T09:00:00Z,2013-09-08T03:00:00Z
EP122014,Lowell,65,2014-08-18T03:00:00Z,2014-08-24T03:00:00Z
EP122015,Ignacio,80,2015-08-25T03:00:00Z,2015-08-27T15:00:00Z
EP122016,Kay,45,2016-08-18T21:00:00Z,2016-08-23T21:00:00Z
EP131998,Kay,65,1998-10-13T03:00:00Z,1998-10-17T03:00:00Z
EP131999,Hilary,65,1999-09-17T16:00:00Z,1999-09-21T21:00:00Z
EP132000,Kristy,35,2000-08-31T21:00:00Z,2000-09-03T03:00:00Z
EP132001,Lorena,50,2001-10-02T03:00:00Z,2001-10-04T21:00:00Z
EP132002,Julio,35,2002-09-25T15:00:00Z,2002-09-26T18:00:00Z
EP132003,Marty,85,2003-09-19T03:00:00Z,2003-09-24T15:00:00Z
EP132004,Javier,130,2004-09-10T21:00:00Z,2004-09-19T15:00:00Z
EP132005,Max,70,2005-09-18T18:00:00Z,2005-09-22T15:00:00Z
EP132006,Lane,110,2006-09-13T21:00:00Z,2006-09-17T15:00:00Z
EP132007,Thirteen-E,30,2007-09-19T17:00:00Z,2007-09-20T21:00:00Z
EP132008,Lowell,50,2008-09-07T03:00:00Z,2008-09-12T03:00:00Z
EP132009,Jimena,135,2009-08-29T03:00:00Z,2009-09-04T21:00:00Z
EP132011,Kenneth,125,2011-11-19T21:00:00Z,2011-11-25T15:00:00Z
EP132012,Miriam,105,2012-09-22T03:00:00Z,2012-09-28T03:00:00Z
EP132013,Manuel,65,2013-09-13T15:00:00Z,2013-09-20T03:00:00Z
EP132014,Marie,140,2014-08-22T03:00:00Z,2014-08-29T09:00:00Z
EP132015,Jimena,130,2015-08-26T21:00:00Z,2015-09-09T03:00:00Z
EP132016,Lester,120,2016-08-24T21:00:00Z,2016-08-31T21:00:00Z
EP141998,Lester,100,1998-10-15T03:00:00Z,1998-10-26T15:00:00Z
EP141999,Irwin,50,1999-10-08T21:00:00Z,1999-10-11T03:00:00Z
EP142000,Lane,85,2000-09-05T15:00:00Z,2000-09-14T03:00:00Z
EP142001,Fourteen-E,30,2001-10-03T09:00:00Z,2001-10-04T03:00:00Z
EP142002,Kenna,145,2002-10-22T03:00:00Z,2002-10-26T03:00:00Z
EP142003,Nora,90,2003-10-01T21:00:00Z,2003-10-09T09:00:00Z
EP142004,Kay,40,2004-10-04T21:00:00Z,2004-10-06T15:00:00Z
EP142005,Norma,55,2005-09-23T05:00:00Z,2005-09-27T09:00:00Z
EP142006,Miriam,40,2006-09-16T12:00:00Z,2006-09-18T15:00:00Z
EP142007,Juliette,45,2007-09-29T09:00:00Z,2007-10-02T03:00:00Z
EP142008,Marie,70,2008-10-01T09:00:00Z,2008-10-06T21:00:00Z
EP142009,Kevin,45,2009-08-29T15:00:00Z,2009-09-01T21:00:00Z
EP142012,Norman,40,2012-09-28T15:00:00Z,2012-09-29T21:00:00Z
EP142013,Narda,55,2013-10-06T21:00:00Z,2013-10-10T15:00:00Z
EP142014,Norbert,105,2014-09-02T15:00:00Z,2014-09-08T09:00:00Z
EP142015,Kevin,50,2015-08-31T21:00:00Z,2015-09-05T15:00:00Z
EP142016,Madeline,50,2016-08-26T21:00:00Z,2016-08-28T03:00:00Z
EP151998,Madeline,75,1998-10-16T12:00:00Z,1998-10-20T03:00:00Z
EP152000,Miriam,NA,2000-09-15T21:00:00Z,2000-09-17T21:00:00Z
EP152001,Manuel,45,2001-10-10T21:00:00Z,2001-10-18T03:00:00Z
EP152002,Lowell,40,2002-10-22T21:00:00Z,2002-10-25T21:00:00Z
EP152003,Olaf,65,2003-10-03T15:00:00Z,2003-10-08T03:00:00Z
EP152004,Lester,45,2004-10-11T21:00:00Z,2004-10-13T21:00:00Z
EP152005,Otis,90,2005-09-28T09:00:00Z,2005-10-03T21:00:00Z
EP152006,Norman,45,2006-10-09T04:00:00Z,2006-10-15T21:00:00Z
EP152007,Kiko,60,2007-10-15T03:00:00Z,2007-10-23T21:00:00Z
EP152008,Norbert,115,2008-10-04T03:00:00Z,2008-10-12T15:00:00Z
EP152009,Linda,75,2009-09-07T09:00:00Z,2009-09-12T03:00:00Z
EP152012,Olivia,50,2012-10-06T15:00:00Z,2012-10-09T09:00:00Z
EP152013,Octave,55,2013-10-13T03:00:00Z,2013-10-15T21:00:00Z
EP152014,Odile,115,2014-09-10T09:00:00Z,2014-09-17T21:00:00Z
EP152015,Linda,110,2015-09-06T03:00:00Z,2015-09-10T21:00:00Z
EP152016,Newton,80,2016-09-04T21:00:00Z,2016-09-07T21:00:00Z
EP162000,Norman,40,2000-09-20T03:00:00Z,2000-09-22T21:00:00Z
EP162001,Narda,75,2001-10-20T15:00:00Z,2001-10-23T21:00:00Z
EP162002,Sixteen-E,30,2002-11-14T04:00:00Z,2002-11-16T03:00:00Z
EP162003,Patricia,70,2003-10-20T16:30:00Z,2003-10-26T03:00:00Z
EP162004,Sixteen-E,30,2004-10-25T22:00:00Z,2004-10-26T15:00:00Z
EP162005,Sixteen-E,30,2005-10-15T03:00:00Z,2005-10-20T21:00:00Z
EP162006,Olivia,40,2006-10-09T21:00:00Z,2006-10-12T21:00:00Z
EP162008,Odile,55,2008-10-08T21:00:00Z,2008-10-12T21:00:00Z
EP162009,Marty,40,2009-09-16T11:30:00Z,2009-09-19T21:00:00Z
EP162012,Paul,105,2012-10-13T21:00:00Z,2012-10-17T21:00:00Z
EP162013,Priscilla,40,2013-10-14T09:00:00Z,2013-10-17T03:00:00Z
EP162014,Sixteen-E,30,2014-09-11T15:30:00Z,2014-09-15T03:00:00Z
EP162015,Sixteen-E,30,2015-09-20T21:00:00Z,2015-09-21T21:00:00Z
EP162016,Orlene,95,2016-09-11T03:00:00Z,2016-09-17T03:00:00Z
EP172000,Olivia,55,2000-10-02T15:00:00Z,2000-10-10T09:00:00Z
EP172001,Octave,75,2001-10-31T03:00:00Z,2001-11-03T21:00:00Z
EP172006,Paul,95,2006-10-21T09:00:00Z,2006-10-26T09:00:00Z
EP172008,Seventeen-E,30,2008-10-23T16:15:00Z,2008-10-24T21:00:00Z
EP172009,Nora,50,2009-09-23T03:00:00Z,2009-09-25T09:00:00Z
EP172012,Rosa,50,2012-10-30T10:00:00Z,2012-11-04T21:00:00Z
EP172013,Raymond,110,2013-10-20T03:00:00Z,2013-10-30T15:00:00Z
EP172014,Polo,65,2014-09-16T09:00:00Z,2014-09-22T15:00:00Z
EP172015,Marty,70,2015-09-26T21:00:00Z,2015-10-01T09:00:00Z
EP172016,Paine,80,2016-09-18T03:00:00Z,2016-09-21T03:00:00Z
EP182000,Paul,35,2000-10-25T21:00:00Z,2000-10-29T03:00:00Z
EP182006,Eighteen-E,30,2006-10-26T15:00:00Z,2006-10-28T03:00:00Z
EP182008,Polo,35,2008-11-02T21:00:00Z,2008-11-05T03:00:00Z
EP182009,Olaf,40,2009-10-01T15:00:00Z,2009-10-04T03:00:00Z
EP182013,Sonia,40,2013-11-01T09:00:00Z,2013-11-04T15:00:00Z
EP182014,Rachel,75,2014-09-24T15:00:00Z,2014-09-30T21:00:00Z
EP182015,Nora,45,2015-10-09T15:00:00Z,2015-10-11T03:00:00Z
EP182016,Roslyn,45,2016-09-25T17:00:00Z,2016-09-29T15:00:00Z
EP192000,Rosa,55,2000-11-03T21:00:00Z,2000-11-08T15:00:00Z
EP192006,Rosa,35,2006-11-08T09:00:00Z,2006-11-10T21:00:00Z
EP192009,Patricia,50,2009-10-11T21:00:00Z,2009-10-14T09:00:00Z
EP192014,Simon,115,2014-10-01T21:00:00Z,2014-10-08T03:00:00Z
EP192015,Olaf,120,2015-10-15T03:00:00Z,2015-10-27T15:00:00Z
EP192016,Ulika,65,2016-09-26T15:00:00Z,2016-09-29T15:00:00Z
EP202006,Twenty-E,30,2006-11-11T09:00:00Z,2006-11-11T21:00:00Z
EP202009,Rick,155,2009-10-15T21:00:00Z,2009-10-21T21:00:00Z
EP202014,Trudy,50,2014-10-17T21:00:00Z,2014-10-19T03:00:00Z
EP202015,Patricia,175,2015-10-20T15:00:00Z,2015-10-24T21:00:00Z
EP202016,Seymour,130,2016-10-23T09:00:00Z,2016-10-28T09:00:00Z
EP212006,Sergio,95,2006-11-14T05:00:00Z,2006-11-20T21:00:00Z
EP212014,Vance,95,2014-10-30T09:00:00Z,2014-11-05T21:00:00Z
EP212015,Rick,35,2015-11-18T16:00:00Z,2015-11-22T21:00:00Z
EP212016,Tina,35,2016-11-14T03:00:00Z,2016-11-15T03:00:00Z
EP222015,Sandra,125,2015-11-23T21:00:00Z,2015-11-28T15:00:00Z
EP222016,Otto,55,2016-11-25T09:00:00Z,2016-11-26T21:00:00Z
EP901998,Howard,40,1998-08-21T03:00:00Z,1998-08-21T03:00:00Z
EP901999,Four-E,30,1999-07-23T09:00:00Z,1999-07-23T09:00:00Z
